Workbook

Sheet Buses
A1: Bus (kWh)
A2: 250
A3: 250
A4: 250
A5: 250
A6: 250
A7: 250
A8: 250
A9: 250
A10: 250
A11: 250

Sheet Chargers
A1: Charger (kWh/min) | B1: Charger (kW) | C1: Scale factor | D1: Max Power (kW)
A2: =B2/$C$2 -> 50 | B2: 200 | C2: =60/15 -> 4 | D2: =SUM(A2:A9) -> 400
A3: =B3/$C$2 -> 50 | B3: 200
A4: =B4/$C$2 -> 50 | B4: 200
A5: =B5/$C$2 -> 50 | B5: 200
A6: =B6/$C$2 -> 50 | B6: 200
A7: =B7/$C$2 -> 50 | B7: 200
A8: =B8/$C$2 -> 50 | B8: 200
A9: =B9/$C$2 -> 50 | B9: 200

Sheet Trip time
A1: Time begin (min) | B1: Time finish (min) | C1: Time begin | D1: Time finish
A2: =ROUND(CONVERT(C2,"hr","mn")/15,0) -> 30 | B2: =ROUND(CONVERT(D2,"hr","mn")/15,0) -> 86 | C2: 7.5 | D2: 21.5
A3: =ROUND(CONVERT(C3,"hr","mn")/15,0) -> 32 | B3: =ROUND(CONVERT(D3,"hr","mn")/15,0) -> 80 | C3: 8 | D3: 20
A4: =ROUND(CONVERT(C4,"hr","mn")/15,0) -> 24 | B4: =ROUND(CONVERT(D4,"hr","mn")/15,0) -> 76 | C4: 6 | D4: 19
A5: =ROUND(CONVERT(C5,"hr","mn")/15,0) -> 34 | B5: =ROUND(CONVERT(D5,"hr","mn")/15,0) -> 84 | C5: 8.5 | D5: 21
A6: =ROUND(CONVERT(C6,"hr","mn")/15,0) -> 32 | B6: =ROUND(CONVERT(D6,"hr","mn")/15,0) -> 92 | C6: 8 | D6: 23
A7: =ROUND(CONVERT(C7,"hr","mn")/15,0) -> 28 | B7: =ROUND(CONVERT(D7,"hr","mn")/15,0) -> 88 | C7: 7 | D7: 22
A8: =ROUND(CONVERT(C8,"hr","mn")/15,0) -> 29 | B8: =ROUND(CONVERT(D8,"hr","mn")/15,0) -> 86 | C8: 7.25 | D8: 21.5
A9: =ROUND(CONVERT(C9,"hr","mn")/15,0) -> 28 | B9: =ROUND(CONVERT(D9,"hr","mn")/15,0) -> 86 | C9: 7 | D9: 21.5
A10: =ROUND(CONVERT(C10,"hr","mn")/15,0) -> 24 | B10: =ROUND(CONVERT(D10,"hr","mn")/15,0) -> 84 | C10: 6 | D10: 21
A11: =ROUND(CONVERT(C11,"hr","mn")/15,0) -> 22 | B11: =ROUND(CONVERT(D11,"hr","mn")/15,0) -> 80 | C11: 5.5 | D11: 20

Sheet Energy consumption
A1: Uncertain energy (kWh/km*min) | C1: Uncertain energy (kWh/km) | D1: Nominal value (kWh/km) | E1: Maximum deviation (kWh/km) | F1: Deviation percentage (%) | G1: Gama | H1: Average velocity (km/min) | I1: Maximum deviation (kWh/km*min)
A2: =C2*$H$2 -> 3.6 | C2: =D2+E2*F2*G2 -> 1.2 | D2: 1.2 | E2: =D2*0.1 -> 0.12 | F2: 1 | G2: 0 | H2: 3 | I2: =E2*$H$2 -> 0.36
A3: =C3*$H$2 -> 3.6 | C3: =D3+E3*F3*G3 -> 1.2 | D3: 1.2 | E3: =D3*0.1 -> 0.12 | F3: 1 | G3: 0 | I3: =E3*$H$2 -> 0.36
A4: =C4*$H$2 -> 3.6 | C4: =D4+E4*F4*G4 -> 1.2 | D4: 1.2 | E4: =D4*0.1 -> 0.12 | F4: 1 | G4: 0 | I4: =E4*$H$2 -> 0.36
A5: =C5*$H$2 -> 3.6 | C5: =D5+E5*F5*G5 -> 1.2 | D5: 1.2 | E5: =D5*0.1 -> 0.12 | F5: 1 | G5: 0 | I5: =E5*$H$2 -> 0.36
A6: =C6*$H$2 -> 3.6 | C6: =D6+E6*F6*G6 -> 1.2 | D6: 1.2 | E6: =D6*0.1 -> 0.12 | F6: 1 | G6: 0 | I6: =E6*$H$2 -> 0.36
A7: =C7*$H$2 -> 3.6 | C7: =D7+E7*F7*G7 -> 1.2 | D7: 1.2 | E7: =D7*0.1 -> 0.12 | F7: 1 | G7: 0 | I7: =E7*$H$2 -> 0.36
A8: =C8*$H$2 -> 3.6 | C8: =D8+E8*F8*G8 -> 1.2 | D8: 1.2 | E8: =D8*0.1 -> 0.12 | F8: 1 | G8: 0 | I8: =E8*$H$2 -> 0.36
A9: =C9*$H$2 -> 3.6 | C9: =D9+E9*F9*G9 -> 1.2 | D9: 1.2 | E9: =D9*0.1 -> 0.12 | F9: 1 | G9: 0 | I9: =E9*$H$2 -> 0.36
A10: =C10*$H$2 -> 3.6 | C10: =D10+E10*F10*G10 -> 1.2 | D10: 1.2 | E10: =D10*0.1 -> 0.12 | F10: 1 | G10: 0 | I10: =E10*$H$2 -> 0.36
A11: =C11*$H$2 -> 3.6 | C11: =D11+E11*F11*G11 -> 1.2 | D11: 1.2 | E11: =D11*0.1 -> 0.12 | F11: 1 | G11: 0 | I11: =E11*$H$2 -> 0.36

Sheet Power price
A1: Power | B1: Price | C1: Power [total] | D1: Peak price (€/day) | E1: Ratio
A2: =(C2)/4 -> 50 | B2: =$D$2*E2 -> 1.7125 | C2: =Chargers!B2 -> 200 | D2: =1.7125 -> 1.7125 | E2: =C2/$C$2 -> 1
A3: =$A$2*E3 -> 100 | B3: =$D$2*E3 -> 3.425 | E3: 2
A4: =$A$2*E4 -> 150 | B4: =$D$2*E4 -> 5.1375 | E4: 3
A5: =$A$2*E5 -> 200 | B5: =$D$2*E5 -> 6.85 | E5: 4
A6: =$A$2*E6 -> 250 | B6: =$D$2*E6 -> 8.5625 | E6: 5
A7: =$A$2*E7 -> 300 | B7: =$D$2*E7 -> 10.275 | E7: 6
A8: =$A$2*E8 -> 350 | B8: =$D$2*E8 -> 11.9875 | E8: 7
A9: =$A$2*E9 -> 400 | B9: =$D$2*E9 -> 13.7 | E9: 8
A10: =$A$2*E10 -> 450 | B10: =$D$2*E10 -> 15.4125 | E10: 9

Sheet Prices
A1: Time | B1: Spot Market | C1: Capacity price
A2: 1 | B2: 0.096196376 | C2: 0.0081445287
A3: 2 | B3: 0.096196376 | C3: 0.0081445287
A4: 3 | B4: 0.096196376 | C4: 0.0081445287
A5: 4 | B5: 0.096196376 | C5: 0.0081445287
A6: 5 | B6: 0.088765995 | C6: 0.0088474454
A7: 6 | B7: 0.088765995 | C7: 0.0088474454
A8: 7 | B8: 0.088765995 | C8: 0.0088474454
A9: 8 | B9: 0.088765995 | C9: 0.0088474454
A10: 9 | B10: 0.084496621 | C10: 0.0097676161
A11: 10 | B11: 0.084496621 | C11: 0.0097676161
A12: 11 | B12: 0.084496621 | C12: 0.0097676161
A13: 12 | B13: 0.084496621 | C13: 0.0097676161
... A97: 96 | B97: 0.1015224 | C97: 0.0073129452

Sheet Average prices
A1: Max price | B1: Min price | C1: Max cap | D1: Min cap | E1: Periods | F1: Averages | H1: Deviation
A2: 0.101 | B2: 0.078 | C2: 0.0109 | D2: 0.0074 | E2: [1-16] | F2: =SUM(Prices!B2:B17)/16 -> 0.087934802 | G2: =SUM(Prices!C2:C17)/16 -> 0.0092211919 | H2: =AVEDEV(Prices!B2:B17) -> 0.0045463828 | I2: =AVEDEV(Prices!C2:C17) -> 0.00072520492
A3: 0.11 | B3: 0.073 | C3: 0.011 | D3: 0.0069 | E3: [17-32] | F3: =SUM(Prices!B18:B33)/16 -> 0.089989707 | G3: =SUM(Prices!C18:C33)/16 -> 0.0091802049 | H3: =AVEDEV(Prices!B18:B33) -> 0.0076690668 | I3: =AVEDEV(Prices!C3:C18) -> 0.00070852251
A4: 0.116 | B4: 0.067 | C4: 0.0145 | D4: 0.008 | E4: [33-48] | F4: =SUM(Prices!B34:B49)/16 -> 0.090417759 | G4: =SUM(Prices!C34:C49)/16 -> 0.011715692 | H4: =AVEDEV(Prices!B34:B49) -> 0.010305729 | I4: =AVEDEV(Prices!C4:C19) -> 0.00065815424
A5: 0.077 | B5: 0.065 | C5: 0.0144 | D5: 0.0131 | E5: [49-64] | F5: =SUM(Prices!B50:B65)/16 -> 0.070578692 | G5: =SUM(Prices!C50:C65)/16 -> 0.013773391 | H5: =AVEDEV(Prices!B50:B65) -> 0.0025737193 | I5: =AVEDEV(Prices!C5:C20) -> 0.00057410012
A6: 0.124 | B6: 0.058 | C6: 0.015 | D6: 0.008 | E6: [65-80] | F6: =SUM(Prices!B66:B81)/16 -> 0.089200831 | G6: =SUM(Prices!C66:C81)/16 -> 0.011832218 | H6: =AVEDEV(Prices!B66:B81) -> 0.013116553 | I6: =AVEDEV(Prices!C6:C21) -> 0.00045636014
A7: 0.13 | B7: 0.094 | C7: 0.0968 | D7: 0.0047 | E7: [81-96] | F7: =SUM(Prices!B82:B97)/16 -> 0.1139206 | G7: =SUM(Prices!C82:C97)/16 -> 0.0060246844 | H7: =AVEDEV(Prices!B82:B97) -> 0.0074336087 | I7: =AVEDEV(Prices!C7:C22) -> 0.00039997641

Sheet Periods
A1: Period | B1: Begin | C1: End | D1: Len
A2: 1 | B2: 1 | C2: 16 | D2: =C2-B2+1 -> 16
A3: 2 | B3: 17 | C3: 32 | D3: =C3-B3+1 -> 16
A4: 3 | B4: 33 | C4: 48 | D4: =C4-B4+1 -> 16
A5: 4 | B5: 49 | C5: 64 | D5: =C5-B5+1 -> 16
A6: 5 | B6: 65 | C6: 80 | D6: =C6-B6+1 -> 16
A7: 6 | B7: 81 | C7: 96 | D7: =C7-B7+1 -> 16
